<?xml version="1.0" encoding="UTF-8"?>
<project-private xmlns="http://www.netbeans.org/ns/project-private/1">
    <editor-bookmarks xmlns="http://www.netbeans.org/ns/editor-bookmarks/2" lastBookmarkId="0"/>
    <open-files xmlns="http://www.netbeans.org/ns/projectui-open-files/2">
        <group>
            <file>file:/C:/Users/Asus/Documents/PemiluProject/src/pemilu/main/Main.java</file>
            <file>file:/C:/Users/Asus/Documents/PemiluProject/src/pemilu/gui/HasilPemilu.java</file>
            <file>file:/C:/Users/Asus/Documents/PemiluProject/src/pemilu/gui/DataPemilih.java</file>
            <file>file:/C:/Users/Asus/Documents/PemiluProject/src/pemilu/gui/Grid.java</file>
            <file>file:/C:/Users/Asus/Documents/PemiluProject/src/pemilu/gui/Grid_Chart.java</file>
        </group>
    </open-files>
</project-private>
